c5d8b88790edb89bb1d48477191e369311c0b7b3.png,l~[
e0b7312fc13ab9b9538f7e34ab183261a9c64894.png,pv#
ca091670ed98ad23921707c3f8ec138f7854152a.png,g%(x
bc21f2b1c63333babe17f7ffab6be9c336e3eb0e.png,xea-^a
c0dba83a80a3e538dde03ff3ad790a017e9aebc5.png,e~%
6d69dfde6e1acbbd18a4723747a567244cc0c886.png,:/&z<
0ec866f84f0ff024fd00b4fa61a88ce700b58769.png,>%z%
1cfa7226d18c22723b38be91cd7933ce105e4ad1.png,n[j-=v
7493d336c9336ab9827a0bd7026fdb0a1b3660d0.png,+r&?n
561a3156c96b399f511e2c6119074f6df5608d47.png,/-/>&
c2ddbdcb19654f0e32c878917c137e8ed2779eac.png,iige
8493f199efcd763797e5db1676b799a6ae2d6c14.png,-
c6dd4386c09111bc10a92473e7b3d3384d1767fa.png,/
43fdb433b7d4f625ed37c4fbe94205dceb433e4e.png,c%dpt%
0767af004e8f2353d2491b8a5f3f8595a6585885.png,n:
b41aa8e3104894f4d543cfc1396148ca421e4b79.png,a|@(gt
d84c38753bef3d0554259550a5b1ea4d46b75391.png,!j%]'i
8b39063d4494b3ba326d0c67363391e184bedb35.png,p:-%
93d97a52a6253dc30dd2cec1e4ba4d70438a5037.png,lp
bf8badad2b73db415f1cf994ff8f73b39097d8b0.png,z]lv-
c360ed183a3c9dd37b323948e966521f05193c7d.png,#>\nl-
7826e366a54b9db6cb04b84640f0a5fa7b5004d8.png,
189b60acb2285216463d74722e9abe01c5f43af3.png,:\a](*
bb3671060560f4af74983522273707b4460af0ab.png,>:
429a84cb08fd2483604ed83cffa61231df12a3a0.png,-**
7bdb2cc9a32aeb4fa4db96f8787ab79f7cdabe42.png,-@|vzn
51a80375d4ff03a554a81c3c958cb9019e98501a.png,>]
ee8f4d1855d4895b2e9cef01c4a899f2c92e5dc3.png,j[
1bc205c0907ae0bfbb0f7c483cf616c714e44332.png,t]#zri
9a01869a82db27dd875553f5ae396cbea95548f3.png,<[r&
5de0bacd8651752d69ae8611f0de40d5364046e0.png,-in
d61bf6b85de955bc6d88b9f19fe218452e069aa3.png,z
ee3ec4fa24e635a830f47c313dc7bffead304c54.png,&xtn
b8019879001c6dc13ae256f09a7d0537ffd89b93.png,^
431116e62524db3672fdfe573ab99c4945a2680c.png,!@?!
97724093942579c5f0d22c739a6ae05fce738174.png,zgn]-=
28416fda2360792e01a0cc95ed391ef21f5c614d.png,%~
755e2766335fb4ca2c8b1e57bc651eb79b98b87f.png,t[
e12eae02aaf18344e2dd4f89c60d6d884d1a08f8.png,/-c
28351191e5b9b7df2b25c56dda947d865ef6bdab.png,*/%%I=
8de550fa6f257c3a16a913f674d27c62a5518869.png,a<]c
c17aa54a4536e37614c24ae1f69e021c428c10b1.png,p=[t
967e6162b3f95625a028c93fc0b84a19f14242c6.png,&#xi@#
15c01b57395e52b53ffc801cc82dc526cd5b3ce0.png,:$t>?
9378453e8111512b7398484977b6c53a4f2407ed.png,n&v[a&
3eb613855531d80826f0d5ce8b5117bdeef68df9.png,<++a^%
28cad46f4fa135247249d2d095dc0c8e9b8e7e20.png,pa
505069a45ffbecda1bc6cc796954e00b311744dc.png,^(
55ea1913479245a1abb02532aedefc57f61123f8.png,*v<>
7286bba6ed334564f468a11b5eaaf03d848c590e.png,#)v]z
