f4e05bfa6cf62894a3323abe686b358a17c293a7.png,$&<:~
91449f86a10e562ee42bb7b3ad335e68f83a0676.png,lce>
056e1093a31be88587e6f829b23376abda297085.png,t
183cb211e0cbdd54860f4047160133dac45becdb.png,*#&
34c506eba56068af2001371861c4a05da615bcf4.png,g$ii%
97024883aa76674b49ec6e8f41ee112a5338545f.png,zt/k
944c5f70fe2d311996c6fc9e6469f00a11081254.png,<~((c>
4c0c338f66ff4d49007db6db7b04f71b065b78a3.png,t=v-z)
64ce6370009db55cdf21eeb8df40d5959cb6941f.png,u#gz
fa4602ca314a0ac55d7e6a6ebe6aaf6ca7e851b8.png,##v/$
d4151de97b7cbeb09e9dddecb37e4574dff14d98.png,ti=+r#
40ee02917e8f8fbae0e258d0dda05122b471ad9b.png,=
99f7d19ef382311fc6dfeccc1485a85812d280d8.png,l(~]&l
d42ca306d8a05d31d8b192cb20cb79d10f864f99.png,vj*
7ec2f27d6cf9c423da1d38d7171e4689ae7b00ea.png,w=igg
5104e80ae2702e697062c5ce209cea5b7f038cb1.png,
ddcc36d4c88d78bdd41fc61135943234a256cf6c.png,]ee
e92376f16b5a30dc5193dc2b18cb2c889169da00.png,a/v~ie
e2f99bc6a9248cb8f5cb5f91ef2cc85068ec0c0a.png,jlc*zg
f07b5310456538f4fb55161e1747ae365728f7f1.png,"""""##"
4e92515689c5103b18f36c68389f46712fbd1e4e.png,:#=~y
b27922320c5e783ad500a9d18482cbf4efa5dd6b.png,*(
b9363dae152ad3ad7989c8f27f81b63090978e6c.png,+%-a&[
3c66a4e1dfac2f272bed1a5e733551fbbdb2c101.png,t<<
5b78ba1e7affb38c6ba4888f84e068383ae0e4a8.png,z*i]g
691955ac273c76ccdb598313977f8862bfdd2b9f.png,"""""-gg"
ba8d8f2c2ad1bc6830063854e1229ccc0d20ddc1.png,r~^^@
5c58ef71055019915626a4da67e65e26c18afd9d.png,==s>vt
65d93a9592eb6b4fcaa0e6a9aff4276050d62e8e.png,^\]n<a
9008122ce19a58c45db769d0c37d0bd6938b2521.png,jl
240c814f24e311b246ea37429b7f180ea5678d58.png,@t/n*
95f5ab7ef6c89c6ee9fb8085f7a10752360ab798.png,\
c9b25aa13f476c649cb1f18a225816cce71f5a51.png,c
3f7e84b4a14dd9f79ccd448fe617862b5bee6037.png,=#&:
ffeb0a5c16776e28b71663f193e93387c1484687.png,$@e&r>
f514c778ca4fd5fc73900e0d51d8a35d0b6b5dbb.png,v=^o&g
b5d9390c22449fe5e1ee769ebde5b37abdadcde1.png,"<gz""gg"
d8c7f9064c0cfd3500e87af77e62a1c916e71aee.png,(]r
04c9b9f870351abe7e6a132d6556703beab877db.png,*&
be7042441b0f6c4eb72370a745cdd0428ca5c2cb.png,\hv
6a5d5c5aac2ba803f2f78e6f4afb7dd857d3ed4a.png,:s$$
99dceb44b8365418d87dd855984aab63976516db.png,"z"""
b89bc31a8c6977feaa525349da8efe209534187d.png,"/@/""-t"
2239b25745250c43e88b1e1749771f3903961fcc.png,-$
93e10be0776a122a21cc33c676343a1509079f55.png,i[^j)$
07919914fbe51171b8b4232d882495188e3fc555.png,"~/$#""&"
522811c5c1e2adc0a45512b4fb321e00c49c27a0.png,:p#n^*
417b635bf85747139fad4fda3b5f88d163264b7d.png,ile\z
7b951f30d35a38e1ff73a84de1877e03bb75084d.png,"^""-\"
9fe45c406c43dee7da4b8ca384b15fa1c39f4256.png,i\$^t
bd824c0c3af4ec288f88a541dc22138db831a0e1.png,n#]!^e
87191af7861c7e888a74da746fbef45193e5330f.png,"t"""""
c5e0f22353f706efda59408ff08da0998f9c92f5.png,"ii$""$"
647a13682c2bdde9bdce762b2cfdc2c0acf0561b.png,":p"""
f915b593f109e5048ea18451267938200bcef02a.png,]^^@
9ff4bd1db3e39d60acf4c34853735473dcd195a7.png,^q$
797a9d2a8dbf0fc4264c268c0219d4e798f33aff.png,n/]
aa1a1c16979da135b2be35c626ec49175540213e.png,((rr
a4a7b16340725024661286d4b6d8292efb31eb03.png,-rrc
68cb06b856bfa67a2371faf2b8fc999f84d98ab8.png,e&-
a315f965602a700f5873638914656978896c08f8.png,-n~#v[
edb5d6cae0683cdef6e8ec50583771efea1d3829.png,tloee
da5d3b985aaed32fef7d19d5fb786f768a192450.png,g&&c
2371a17cdc89171b841027e34d4dd312cc7f6d8b.png,r&&&j-
3386a3ab23a7ba1fa03fcf9bf7973e86dd0e5526.png,^
ae811101470585f3a585ab9393f766fec97d8ee8.png,/-jjx:
3aad467873e1b63f27f2b345911eeb418bba626c.png,*~~]-
8346ffef8d1c43043135a5d00591c7a0f6f80f22.png,"ta""+"""
6d6c298959c4ae39ed521a912f69ee5825eaf588.png,\(-j@
f3e3292c08dfe80492a5a4e8f98d79a11dff552d.png,\&-
c3997a5ea30d4639f6ff358fcb3c14c5f81282c3.png,"-::\"""
fdbf492eb1f04880d7c3de379f75c155bfc58405.png,"""=k\&"
8ac95a086066f59afec4e81d93945308369fcfcb.png,**
f4f83120ee806abf3b6c7e115ead39b7f2fbefc5.png,@ee=-v
322e43b04308bd98d47ef87a182618d44ec6a435.png,"""tvv"
1fecf2e3943ee8adf4efe6c7155af3abe51463b1.png,a^~&$)
6cdcf58dc323349aeb4db2e8412403a5b589af79.png,j:+#%<
7f1f9a2d13a5c0903226e424a49fc31b9044d9bb.png,^-jg<(
0ac6f39b45e4014e1176fa8937a2a55cb02c611c.png,@j----
9fe094275c572434c982dcb369e2ff3f1786890e.png,r%$<%l
d1db9e3ee288eae9742f0381915985153bc8a173.png,"*""""!>"
d92effab807c9152e07b90cef20e5d07c4658b12.png,$$
ceaf2eb87fd384fcf2ed789418abf318feeeb67c.png,##:$
632b286efc220f8fe41acbe5b602e2564c51d208.png,v&
7ccc1cd0b4528066f7644efad76ac3989e0bd44a.png,"""ep\z-"
d2f175521c62f532ac4635e69497723e2aaca35a.png,$&
3151fbae751bd6ba96780c06ffe2d73facd68acb.png,o:#&<i
dd0c48b2e246ed3252f8d080f3e9b09b5bcf7f6f.png,@c<r
7532b1870e85b1eca890521132810c7bb93ec271.png,a^x)r)
ba07af212f859c0b695ab1ad82f80f3eba26931d.png,q#z
3747d02503bac5c518ebb23ca7ad14a4d410ae5a.png,c(/\ss
ed640c450e898cea32ad35361942a60d588618a0.png,<j
4cc877340467623a7795dcaeed1d01abd8aa2f27.png,*z
9ee50a412498e82ac96e9eda9d4e87f9425957c6.png,zr
f5df2b93309e77fbe429eb03bd2f356e28bc1300.png,e~
aa78730aed3fb0db885ed8521b327c156667de6d.png,zx)n\@
cbfee5d839f192c88a5d3fc7d33fac0d44863021.png,vr<:&
e3b564449563adc22fb09b717f22e0b54e4279d8.png,tx/*@
41a93919be3eed61185fe5f3b50fddb15a6717b3.png,r&vv
506a8a0914471322726bf4431ce949822a7b9d70.png,iz))(
dc47da19dc1861778b2e6956cf73de8c88ff080f.png,@n<
c899ad1927403c04b00e7411ba18d3495aafebc1.png,+@@nc
e3440c546ee886d8d44f3d92ebec676a0a2c3490.png,x]:%tv
6773750597613cd7553f5965a39d1aab0cb13399.png,"$&p(""^"
affe17db84552864f3240568971766d409de191a.png,&#\\=
954248fe0f32de56554ca93b8d1f517944b24b34.png,>=t[*e
7ae5c73186df860bf23014ac57b9dac542375974.png,&&c+=
84b09ab4fddc5b9f9f1483b00158e6577476ac10.png,)(\lt<
5b6d981835cae51b40f3a5accde6ffc2cd3e1249.png,r\\$n
15471ed3e383f166f18b1f60821bd43ec8ec573f.png,r&~~#g
bb500f8ddfd26972be5dd6c8f062dae290126b69.png,p#-e)
02b5c3a07d0b75189dee9dc2e4621c11160938fb.png,:g
f37412aeb06d3491299c31701f46fc4a6c0b8d31.png,rk#i(
0c53931ebf4a69181e7c163e35e84f1b0e6d81fa.png,-ii===
5626eb71db9b6d69da0df23fc41d04c2d3230647.png,au
197459e8def17872c9aa1c96c8c2e55734216e10.png,v#
abebb06af42636ce8f4876e3a9e52f221ae98888.png,c&[ii$
a880251beea3c96d54274440f8578688a0be2c18.png,$-
b9b04a3696608f0d55ff6af1b04d151961d44fdd.png,d-
8915e665ec1bf552080d7fe0c1cc9a489e3198c3.png,"c>""agg"
dd8a3d719e7d3e3977799864c4f3d2fc48bc6530.png,\-
b426d014ad1cbe9cadb7d6d9cf861d183f998edb.png,j#]/
f6f44eb19f554a94ea8e42e12a693721706fbc90.png,<g&]-
cc78b90b3baa8d2765ef7f142cdadc74eb44c09f.png,&@+f]
61acb188f6ce94716cfeaec7617918553b53d42c.png,--(jj]
0e182d31c2bcb5c0c91ea696dd1b8d134b6dacb4.png,[%lzz\
c8138c41dc098b65cd3f2582cc87561b0a9dfa57.png,$/
08d3f2b6471df3906fca71e96f148f203ef43634.png,^$j
49ea89454b51dc1e142f743f178ad731084e3e6f.png,l&p$$
249ea011b3fec468c4e9e806b522796d8f6a35fb.png,<<)@
1f01a07766420abb03a5541f254e2d7fee65f4df.png,]jjre^
9810beb87776b1bda6e4dfad2a87b188043e6e6e.png,=siie&
05b254b280b03839cd39ce1c272c31bb95196f14.png,"c*$&"""
32dd7d19a9c3e447e4b23c46d90577d57b55e00e.png,/=jl
8e2a4597a3ddcbaea6f017138cbb1a38e93b4443.png,=>
6ea20504d8c70509c1aa6c42f6fa9e69f4b06edc.png,-/x]::
ae42e0a4f1be8a581e91869a7400fbb5797d5b5e.png,cjz)>g
d70ead9c8ece6121e3dd68a045b37157e4bcc9b2.png,pp$t
563dac0a2622cf5ed6323238390e0c66fe226cc1.png,"@"""
6c65ca6de230463961f849e514ee79f85b8bcf51.png,(t-x*>
1e1bb7dc812df67c789328ee50fe4ff9871cde00.png,zz+!-
5fc07d7d5cb36925b32840aab01054d2f66fd6b2.png,!j#\=
90ffdc966dc25f8a2ea947465aa9ab3b4714776a.png,(~]\cx
8d09906284fcffffb52ded079fb09fb458ce1bcf.png,"l"""
8c6030b2e2ffe62785f89898dc019a0681d610b3.png,%*r@>-
277c8bcb5b09251715dc4477629e81020fbc6f00.png,:~=v(r
ad38952c68d62c706ee64e2a80529696c8f7ab7f.png,k-c:nt
b411d164f067ce13036df9218cc459d0516002ad.png,d$c#
a54772475490c58dbb196e5919d5ced7194a38ab.png,"/@"""
cfab7cfb7ffad166c6ac6fbdda9b94f4bdcc6511.png,<
58a948a899af82274e9b8230ed88f02bb9120c53.png,"#jx^j"""
5e15acffa9e4104a2176ac3817640211f1bd3506.png,+r#:c
da954ce2249379b25ab3e9b938e69c373bdfe18e.png,-(&
1629389fce065dd257f540208197a314321a7b5d.png,l//
0b2b46f1a7850b6fa95b014e6da7682976e214d6.png,:e@cxg
6615b34ef6afabbde5b461a827138380cde2b152.png,
770d0334a04bf134cee7a8d7f0341530e4eb9f02.png,<:]
c4c592ce7742b7069cb3bf4eb454f9b9a635055a.png,"z=kv"""
9d5d3a36af4cb5795d33314a1a4f69c5c17e2d89.png,ai>]=n
e7c4e9ceccb5e8ad7e49043d2a7ab846e1da0a31.png,^)=<$
d57dee0e666cfbfe5fb28432e8ce07a04fdbf64f.png,)z:aa
9d918f31febc5a17e06ed3891b97e43f68ff19d8.png,@+-)
b1c8acc7d74e71c46f619685ffa2904502528f22.png,"gip""""<"
7756b56ad4b42ceb4b13748108925b4fbd0f2b8e.png,#rr]
33c197252bf519d5431a2672c71b132ff77c93bf.png,pjvl
b19f81c5a8fcf03f2034b4ddc68349049879d34e.png,(n)\^c
b6d53e8bd1cf29b26ffb4270e64d9eb7a25f4453.png,#@-j
c4f10b46b6312151ff56bc01bf61a7b3d2dd885c.png,"g*#tg"""
3d50d7344404fe3db02a7d888207663f8d78bbb9.png,\+tcr+
e3ce7d91100211771050a17707ee1d4dbfecd6d9.png,-**&
7bda2945437bc60e32659e6ef7fc6fc11850458b.png,/]x/]
a521c8bf3b0d2e50f23811ef754860e31bb085c0.png,-
222d1325d1fccceb4496bb2f2669490bd7fb2fc6.png,((q#z#
629b9654722ff2ec4f8ed8b7f5b740a5e6695545.png,-&#=
659d212bf5898c04d2cc3ac908cff9fd2854666d.png,-!&
a284bce8586d7dba31f85bf7dd5d252cbfe16624.png,:cj-/
14242bfd103ec0acbec48bcf284d6342f1b21074.png,*j$$p
1e1beffa1ed6bb565106ecbcca50a1ede0b63628.png,cutp$#
37f32e04e5248d0422fa96f0090d783b62e05374.png,#
deb48934ebeb90043ef85738efd9fa2b007c4e90.png,is
be768c99621552856489d70280c09f0b35458e60.png,"x))\""v"
f87202c853b51d1b771aab34e6ed7dbfd94da7c9.png,e-$
aa1956cad97a81cbd4d7158e6edae73390f13e12.png,"""-%ll"
c98bf3986e409c1a6ba63ead6f4b9035551bc98c.png,~\/k
c262300e893b2e72b42b76838bd02a9fbacb4ccb.png,%a-
0f183192dcbe3db10c8a0effa341653042d1fd75.png,r*]$
60bb06c349a5536949fe796b913bc1f01418cbeb.png,[:t>+n
81955e8de6dd7e893feeb0a607c5992e72a449a6.png,e#
dc8c96daeb100e5e28c4b8a425c8258719b68a48.png,=e
a3ccddfd7d0cb188b65d103bea016bf0224f1cd5.png,\#:>&-
f32ac16a6acd0fe08a1bbae83e22766b642f354c.png,(g
ec7de649fcebae8755228c899b5ee2b7b1a2f45a.png,"r"""
e3dbda0edd3f7b3254a7e373a3012363d64a834c.png,@ejj
616a5551d49c964ed426d5d6767e8974ce289be6.png,ij#j
86caf48f04025718a2cce217b202bebf9bac8f16.png,p&
6002514f5ec736c39b757df2691e0fba91db4ceb.png,<rpp=
123aceb8a3d6f7aeae2a86611cc9f0624b2d28e9.png,ii
8dbcfb79255294f13b805def45e784c951242cc6.png,t)
715a3495b3cf0c488cb2f604f050f1992c302828.png,ir+:&]
289073539e5d515951a4e3f2014250861748a9b8.png,*rei<
5f2d31fc41b47c6e42ced41f07f3e5665219dbe6.png,t^*j
3a173de49f05dd65fd73ca90a32a2249f5fab4d8.png,]]~]-<
cb44acd19883e97c1f055f78c87cfd04b302299e.png,ls\#
10b263ca137eccfc7a4e6430be373a1639f1371c.png,rn&+^
47d63732e276fdb800e658c3179d4e03d15d38ff.png,<eix
ea502d675b137318dfc6300c4a1f0bb47cb1cf67.png,zn~~-%
44e3c7a0b1b032df6d9bd948b770ca18bb598ce8.png,iia
a6ca8faa337b96791961db421100742f90ae97a7.png,($
126f957eefa3570766df98e1cd2a901d4cd0adfc.png,##+
9d002017b99cb311d111cb14f73538e7e6986318.png,n@~@~>
95937a45cf580a296ab62092f4a37d431c4b5336.png,"r""&="
f910b0c9085a97fb7cfae2b7fca94368858d572e.png,"z**"""
0e40c64471fcb8cfd8b9ea3648594c407cbd3e8c.png,$rt
c48c163527f6cf295dbc35cd812beefa7ee7aa6d.png,::
d73fcf170aec101adb378b8ca032f5f0137b4a36.png,"t""=\y%"
eb3547892ffe0df0efe84ab0bdc369d5cae68a49.png,z##]
91f8a1523e97a66d0855c88e7bed80a2d1571903.png,n~~@&
8376cc7b211b1bb2816c9bcf48f66b0ee7420c34.png,ii~
b180d98fbaf9626838bfd114b0e5a692f608b2c3.png,"""-:"
0ef6d8a750e8308c3bc1f5d0cfdd8b1cdc226bc2.png,z^a@\=
b5ba796d428e41231f3edcf5a3eaafd94ff13d06.png,\-j$
da2ba7ded3d52b9e1e7b1a664bebb1e566682298.png,r**eg
7eebd922ebd00ec808372c4a03731f09b2cae553.png,vaj($
1bd0e5c3b71c1d20f94bbeaef73e487cac50e900.png,ir~#]
d712690f0d9ef0b38077c0209cbc60a5364835ce.png,)r-ii
acbb71826d8c1b994e96153865a8c3577c4106e5.png,j)^%:
ef75465bf1c3f3e42e4ee0413f02e6acdbcb3620.png,-xvnz+
87d46f3aea3f4f4d486f94321acac0a86a112b7a.png,jc
90c7b7ad448b884f96199e777442caa84ecf698f.png,-^jj
f79d752bc93598b494496962a027521136b92eea.png,:jngt
cdb834862a0451fa0e8220b8cd728a3009396e47.png,//&
ff05cb8570535b299b4ac1ccc0b56d879d304502.png,"\s""""j*"
d23e4a9c69d46633b013059bec74f9107634e3be.png,-$$\\(
e62e988bdd580fea9dc26b7139f023ccb2374155.png,(***@
ba4ceeded43397193ede511d877c91a0f5c8086f.png,j@&(x]
a8417815c9d5e8fdef7a64934e14b3ba5d1b4979.png,(j\jz%
0475f3db9cd7a78dc88f37165a158b9271f391d5.png,p$c/&~
9a06667c9634c5fb7d0dd17cba9c5a17c7e6c5ae.png,<-j=
6eb83f3e38323a1c06427aa27d03b17af4e9eb69.png,:\---
29d0aefa69d189c8a8d88cba6b0a2e87185f5459.png,l
7bba4f8312747c9b2f3ce14e188f7e36bed91dbc.png,\lnx$
9f39ff08598150fe0ed7b5adbc3c848b1f447928.png,&-
a710b9d5e260d17f5948a96c5708fcaf8005fed1.png,"vtc""e"
1ddb860ed77d0576164c0c66ae57e18fb245e6f2.png,erex
c710d210c5640e971816e01a9a343eb8412714f4.png,^->^e:
32caf1a6a83505bb8423e39a37b4337ab5a87d94.png,zjj@
e79dbd98b4b2521907ffda92eb3a9fd6c356dd98.png,"l:jj"":"
75ac512e9051a483a450549ccc569505961985ae.png,=]
169b417eb9d6ddac02e870f6cdc16047fe9b10fb.png,^(\
54567dd0540ee4a14c1ccad334c4515cfc2e0242.png,@@
4e7bed01ad5e4155bb6b317420b45409366fa68b.png,(xj#^<
6a25c129c61328e2f8c89c4a24f060c61d0246c9.png,](<<
2b714d905a4f0704dedd17b08b002173124d4204.png,ij&&-g
b6fc621cb55ce65a0cde0e20608d775dc7b79a4d.png,tt+c(
65256f822462f5a684b01541a8b6fdbc0cbd0d64.png,zzc
4648949175d51325c924401d97110bf86676af1c.png,ztj
0d8650d82f8ce38badd160ff86e17dd150eafc86.png,xpt*#
bc212c3c2c94b434289dcc65184505ad222e26c7.png,$$t
6fc8c8fbed3e8b2468a8735ad709a6d48740d18b.png,"""""~\"
b140ec399870012735a5a3e4b2b8c96deba1984c.png,it$!x^
b4f5411d75df329cabbaf1bb7fbe54bc52a5dfbe.png,"""""<p^"
d0b41abd5f5a83a1530367de6b741609175b0af3.png,c@
683dce361953097113bcc2585f5815d9f73f2d79.png,llz-d$
6d307a4c14627432fd7490d118fa5e48c0e2873c.png,-]=++:
83bc321b9237cef411a5cef0cb18e0763a436c27.png,)/r:
264224a8b207ec0851cd0efd6f4361b4265b3c66.png,l
e331e806d6381d06fbee1d99aadb1e826fecfbcb.png,":-$""$"
d007690250fbd89fdb4e8db22e34ad411550c8c7.png,iis#]
b443ae2e095c9e66a5d241aaabef777541a76c1f.png,"""-+q"
9d9399c5a1ca0e70d35d35ffce47b0a3f6095875.png,t
2e9add82b10850872a99274c3f8bb6fbe2906341.png,g*<pr
0fe1bdb15d9677ac018dfd5dd5f893600d01e6b4.png,cx@t<\
1f3deacde126be2f56e25176b1bf3cc3f61fe4ac.png,$/jt@!
6f202182e3bc0a78a26e3be71714b0a1d04027a4.png,!e#&
24ad2bd4c7ea91c4e4436025bb923d2512b8a06b.png,%[p[+-
fafb1718e9c5f886cfe8194a6dd0d51bbeeb9251.png,--$
4162344b365753814a246f296c41e4b3aacade42.png,#ltt\z
5823f7c12463ede0aff25aac27c34ee1d53a7a62.png,@cv
a751fc95c757b699f0e10dca2795052992e655a6.png,z#a^*z
824b6f99509c7c6a9990e362627625837268f7a0.png,"]r""za"
e227f3c85253bde5eb3a0ba24acfe10a9b95a66a.png,"g"""""
3267d6ee1809434d862a459fa220e750cbf00600.png,*^~e*\
c14c6b8c1369073f2654581fc5f5bafc0ecbd534.png,:r
a0d9b86be0b81e457c454c6a7f332700a74af03f.png,"n""el"
a295c2dc569896689da17307b2d69a5f098f4910.png,)<cj\-
f4a6a718f98da9d431dd66561d1b8745f4ebe6c8.png,t>(
a632749b000fcb502ff202ecf8aedfc07cdece17.png,$z&
52e33f649e87abd8e4dfaa3a4e8d34c26f01aad3.png,///)+-
85c4880e989c7504f820962b38c68e8d9ed850ea.png,<<n$$
add952c3dd395c3a31ae6992572e29e7316cb007.png,@##
893d38e34fb9bda67997925a84e79a28db378b41.png,r
9e7a2a51cac00f2474cee76956698a0328e8c930.png,z+:-l
5bfb15dc8ba952203867ff7da3089f316aa06a47.png,a<
95489c241a3b9ac09008fd044721ebc62b3ac72f.png,^*]&i
e492cf68c67761d8d7e3af94511caaa2542fc262.png,"""zl"
71feb9dbc90509ead09f29ecc743f65d9e709e53.png,jrrr
206299f4bd9252bf9951c75559641c55736271b7.png,p(lai
7268e1b7e4855cdb49a5785b721ef9c0f416899b.png,"r@""$p)"
783cca1d8ef0f12047e1a9b48e4885da339362fa.png,-j
e80a1d32279f472135b4ec953edb98fb70a36b27.png,"+c~~""<"
c251b92aae8afad4b049565d54491fc6aca400f0.png,[je:l-
6c8c81ec30a43a82b58672e222c6323a2608fe4a.png,r##p
586c48056fde0fbbb26a37a2862e1b6f4fb5dbc1.png,z<*e*<
5634f2fd8751cd4af5f7a71f5170376bc0c000c7.png,">g""p@"
59f3713c698fd493ea285c5838e59c3a829bbeda.png,ii
e9a419a193718c6c069ca75ff72a5384de790209.png,"""-e"
08948215f3417181fdc721212866788e7a041da3.png,--
f8c27dd845db4446321faa2d6a3379913b6fdf82.png,-a((]
9a727a0fea1af423cd7a33429e0e6c187d3347b8.png,)&&&
45588639a673cb58654ffa8e3aae44c7693649de.png,*@@--
03b25bb4e3cf1a5e1dc74d12cb961583c1c32d3c.png,zij
0a978018e001d63f232da06c7c55808576f3a8fb.png,"]]"""
22c5ed93515adbcab62f838dd218835a9b5addb9.png,n$z
cb5c9b7edac9609153cdb6044e45b5d1f1358fc0.png,^~]
1e3e2e13813379cc5b352598d493fb9fe1289fe0.png,/<iq:
90185cd5497eb580252ad653483e1fe556f21a22.png,*p]
5fe40c84d856dcd9d6a7461fef97dd967daf9d09.png,/q
01da6458c23a2cd2a47ff866b5769554f245d142.png,^
9b12556b76d2797893951123b927cc32c98fce50.png,#ji
20afbb4a6e85f1ffe428fc0b786d0d9580a1b9b6.png,--z@@
2e4b074c1a95f3dd2bcef769fb1c720c4c3bd454.png,/et
a053daa4d560d72dc8b00e2eb1c372da0d848f01.png,c$
396aa3ba498741918ea4f4de2fc084d957e4aa68.png,**a~^]
36d261675a1c8e6d46d7f7742de22ed8f4ad6902.png,"""^]#"
dd2c46dc03f1b140c8a4c2d7f2d1f145d2bca8f6.png,]
b5a30593acbcad7ff446cebe9bba3455b80e2aae.png,^g^i\
450033725300d2b91464d0412f21f755567e18ac.png,e<<//
aee71f157a691850df97c43d68a21f299018deff.png,$--z
e024271c356e2fb25a6096166f77c51a4837c712.png,n#^n@
e45e63a52a82111c01d5b20a11041ac374c10b3e.png,^
fb291116b998e5ad92afe4291e29575a7f419f5e.png,ii
64b43acea80d5224c75e852393147ef3a03027fd.png,t&<p\i
019baa9a3097212244a42b1a2e35756a8d2238f4.png,*
f674eacb0774c6eceb1189080b7fa594751f912d.png,\\x)p(
6e051780b0feca428ed7d8e46bd693b55586d19c.png,fg##:g
c326d2f1672738a0c36f9828f544b0275593ab37.png,##&&x
0428c1cc9a5cbe2ec2a06d72fb4c665725c82933.png,ne$#zn
15653cbc8d96f13cc298c25979e4419be9f93fa7.png,@$l
44afd44ba8454fa6528f59ff8c4115323ad188b1.png,&sec(
f4c85b27791511aeb30eb7af53240bb88c580fc9.png,#-$$
5d710647beb402b52db471db00412129fb3cc9e4.png,**==
eb7d01c33f4e17ab514af2e51d2d6541fb21008e.png,=*\>
90d6df098ddb0f2feae40288f086ced60dde283a.png,z#p
c15a8b54e81b7e39eaed3043db5ddae4d4858390.png,j~a
acf8d4be48f93b0fe028343b8e85d7deaf39bc90.png,z)^&[t
91993151a7665b88b0d59a67672183cf5b14ae95.png,"""""zi$"
bbe0ec81dabe7a8842d67af84fe1146d57959207.png,ig
478c5354b632b06409b1c589d019111b9d8559b8.png,i:&
82ae2c343a2e6630520face995e5e0b34b57a71e.png,\$iz[^
f2c2236167487ad6c5c6064653d834c73ba2ce1b.png,$*-@)=
8e1ef19fa432b8fd2ea222821b570b921a0aef34.png,qi<<g$
40fa01c5b1ce9fb0d7423d5ed95e1c511bcd51d4.png,$z/<z*
f97d38865a5c037afad34604cb94027b1f2d0e15.png,"""""//r"
aac72d50d2b7ca60bfcd06f14608811fbb32981a.png,=&&g/
37b79c5a912a20580775cff7d791322b00208ac8.png,
1f43c6b99de46080ec9158e02fdcaefde390444c.png,(+--\
06d59f16fc2c2d4398ee3e8b9e510da6dee66893.png,ce#k
2d3b6e6dd9113078c6297da48f1b36a8987455af.png,"""ii"
168bee880d7699c82a834ab47e121905d66c8298.png,<
45b623c3b49e6733a7f16d9487c76a7644238426.png,r~<s
1f8e56b0d3e7c479608d7c0d5bcfd3ceef1f98e9.png,""""
7d06a0da82b9eb08862374819594c87f2d685ad6.png,i=lnkp
2bf800ccfeffdbd392ae5e15272dd0070a7b0537.png,#-t#i
69221d7454d53bfa1ef85846fa5d85bac57d754d.png,&&
2f81c159110d0fc37d11d83b89ef868797d5a62a.png,&<#
e55d8e77c28cb571d049e5d25ff616181f9255b5.png,siz#~)
bfdc3b3f3b3c008584540e17145b279c720af84e.png,ee
a2a4528eaf83ecfd96fd03a2582c7b1f5ff376ab.png,@!r(\^
761da8ce9f1c643008cf22729631395f6772cddc.png,:-ll#n
81436fa87161e761521aa9bbe8d73291e9e0bea5.png,")~g"""
9c3390ffaaa073d039ec6724dd0add58aac150c7.png,$%*</~
f43bf401851ce0ecb3aac52249cca8150fb11b7c.png,c*
5a993910af3287113ddbf9ea6753b217fab62cc3.png,jgkg
5d1f953f2e20aed09a89b4556fefdf6be106ed41.png,-t%%rz
1c716f3b46e8fcaabc497e4334da3ea1a5b0b920.png,<i\t%p
1bbfe4499592c6b12726b51ae7e6e3bb5c0008d6.png,gz*#p
5f296a8bd2037323153d13b7573757753994f86e.png,%[le=
94057d538b04a8caef2de2cdbc73477512b06ad3.png,-tgji
46233c94655306b887b404d9fcd23df7bc88360c.png,j+r::c
efbcf22fee927e430cebec618d45142a7177098b.png,:~<c/
bb743f06b364ca854e4b0fa4c8ff8e7cb453bcbd.png,&&t%c$
36c7434cb3943bde12c3140ff21f8965d8bd687b.png,]:-$#g
bd2e7ca612ae179659ad04afad8804b96687d93b.png,xi:\
6fd18e496bb564d4e3da2b72f2c6b379dfef3b81.png,t
303597994caa54e671b0bf64552ee032247c39e9.png,@@:=z
6ba8ff020a9f66c5bacd906652e40a1a9e4fc3e2.png,"""c#<=+"
deae0494857811736bc72ed764640e7b93764c23.png,g/
4364d5ebe734a6b6a67e026aba0df4ae344f9230.png,!xrc)#
82274ceccfff1db22e9bc5855f67189d9845246b.png,l
9dd2c315665c3cd6a068f80faba2c5e4f666a3fa.png,c**+%
b05601b1b6670ad598ef3e0fdd70f4b61c50d6a0.png,@:-&/g
e4961cba2c679f132ead33e09d01f12a788dd896.png,&&+-
9fc33c90ae978bb295e6ae8f5c79f6ec90c3964f.png,^\rxl
baa0335b8d4bbc7b64804f93e6684776c8a9189d.png,\i&
8b3bd6fb7cf8e4ef5de9603a034ba8d1fd0c2e74.png,
44fcf7475fe0cec7f2ebc1e2443a8d71a05fedbd.png,n[&ur
4753624018e6fb66b2834ad776a1e9f654015899.png,i=gg
cd2c349ffac71b99dbd1e0c723ffe16936c599b6.png,cc:t
e428fa806a445df5db491fdbb37ad3d56bfe8a27.png,c^p$zx
73d930d05d175e71371693c1d0f348fa12b38655.png,\/\k$
133130bcb589f23da403ae786891eb257091a29f.png,c-j
5b5bf05a3b8451adf3d9b5a520df449d4c6915b8.png,-
be5790945c199dab06aaa84df92cb6ab2dabacfd.png,/&v
d43408b20a295d1e2dad9ea6dc318b0f035eada6.png,a)n
31e3458e106eaf88022703dc09dffd352cab13fa.png,j$)ri
15fb77ceec1c7851e88bab63291b02039d040746.png,($$gp
397a973ca18a1d94e7943ead0b5784f2cb298705.png,-l
a4ad1d52bc437df1b77e0ab1f3f7f0e8ede71c8c.png,ggaa$z
4af9d8ab8c18e6646661ea4498e78d3917f43186.png,&$
94517b2ff4e6ce29489167e34ad7b495e8cf57c8.png,#zi)n
8f498ad62eec24244eaa6d894f890521d4e431ad.png,"gg"""
b21b076beb4e44ff64cef557ec53d16a1d3e3f49.png,"eel"""
38a8e2b8466c11fd7fba18912943da5745f9d47d.png,$(#)
b294c40b18074ab2c7a5025e2e12c0c25355ea86.png,"""&&]^"
335a3b68a8a7dfbe9ac80af1e042079e126b1b72.png,^=~%]
9125c04ca030157e7a2d8897003aaac889a6ea8b.png,"""^/("
31a7f9c9a2958df3faf551a59e7a36a832936a41.png,njz>n
176f21330b9cb317dddfde848a5fbbfb3a867f98.png,"""j%#r"
006a5edb11b03150aab8545e5b81834d3d32d383.png,px-&jl
b31bfd7e4579ec291966027f146b91601d95fae3.png,/pe
446969cde6e7a8f5a1fea7dc4c9c18b3a95a5dcb.png,z*&&-#
93c59615614626c148f917cc28f1ffb21791a6e6.png,a%
5febd0411090f54b0ecadd1ac98f6504619277ca.png,\!%gg
868d425715ec4ebd2dba4ce0627e1250c756ca71.png,z
a038690727476d2cb0c7eccdbc9b864db8cf47d6.png,+ng^
5c562eb9b595888581000bd0152539b1fb26f93f.png,iitt<r
1e03b7235c41a73f3df719df7ba5a34059ec166b.png,
b3666de1de918da08db5a4903a3202cfaf7f4411.png,\t#i
0ce69ac1b87e63a2ca9406d113a5dc2d553d763d.png,@**
34d0e8a0742b540ee46592b1e87e3e747f41e5be.png,z/
43d561c395d688b773c829850655c51db755f7f3.png,"($""g*~"
2cd835db65ab2eaaad216eb9a13a192bc38979c5.png,li(:o
96bcc7edabfd0d0cbe7c9e056b8bc9826e615d33.png,p-
b46439de2809a48e168440fc58164e8973cf7d52.png,i#]
b4c236c641cd0f9d8056674069c457f425be097f.png,]c#\s
f2bed10b8def2698c0e3cac0ec856f3b67e311de.png,"""]xc]^"
8323477da89e6d21d6f161a719381dd3dc25f772.png,j\\:%
915ce7a23394cc9eb1db0189fa0ab216d48e874e.png,~~rv
30b7e37f15dacc70c06154aed9ab4ab5899c9c8c.png,re\dgp
78dd0e591998c584d6decf457aa5943530d5e2cd.png,##p
fd8155554773b031a9a8fa3b05b9c34ce5667491.png,jjtj
8c6f33c170d5a4764ceeba37634541a5fdc34f7d.png,zj
e5f3236c8c9bfbc17136dd9767f221c0af0ea05f.png,:/~j
8750ef96fd9366af5c6d4899071a49227d39386a.png,((#]~t
65cf6cae4974b51d523d7f2f4c46d6d82cb88c68.png,*:u=r
e47aa561685cdffb35ab77e83423bb5cf030073c.png,r\%x=:
859e05ccf8faf3f87e9735020bdb1ef89be451b2.png,:!!gg/
4238532e4e64a9beb4dacd7bb3b1d46471dce10e.png,r^
9788985a771555f4e8944b01e1ac643a785a237c.png,/zzr
e40b8ff29893f17222ccc886db4b27d03993a22b.png,-z
ac8bff68087d95c55c241b06a553da7ed489cc69.png,<i%^
dbb082b356bac5acccba7fdac750ffbfc1d88ff4.png,#z*
368d64730e84cd64ff0244611a2bca2cd793c869.png,"##""""-"
e7fa8582b80fd46eb80490f30b6774209861bd7b.png,ee$
6fa22499a3ee70ff06747dae7c7644e0539c4b4a.png,[l%(
b4301f9cdb3926a8b3146272e18156f6107ad678.png,&t*:**
4214a84ac0bc77782e85968d7a219d736f15cd70.png,$--
477fb2a4c8670eaaeb6b2134080d8a777b4fc86c.png,i%#
6b89a8acffaf00b405f06740868f9000ff5b8c84.png,+\&-
44655ed3f1dd94ac33a5f0b5776b4d9084af408d.png,ale&:
9fa7f99868736c16b202c89ac9de1837354b8a3e.png,(u
0e35ca818f8b84fe328454f586f0ed1442627542.png,jt
ecc47b62519393dad6b6ac698a75a1ce3e18b588.png,/k+*
e8bee12f684f45dfbf7fce2a903e452b193b63bb.png,ccz
90a523acb1a1fe83f3d1dec03dc845a0cb89fc40.png,"*-&j"""
4ffa3a6ada8ccc9b1e588a6fba121a0858f21d97.png,/*
37d9fb2cffc8ef524544e95318e093cb75b282c4.png,*>
69757ad7cad1b9d1393341b8584106caf4fcde6d.png,=\(l~z
7064e81e4b83f1c7557854ad14d6bb88111aa6cd.png,"t<e"""""
b7acf5aae13fa69bb6fa5d8150201ff5ae96b103.png,
cff86b24bac6c0195debd045373c360d52ed859f.png,%~<l
acc0dc1616571bce73a8cb3981a542c2820cfe09.png,v/(x
897efc4aa38f34e1a7583872e151e65315845ca3.png,@:!$]:
5f2cff5bcccdb18705b3467e5b57330df4dae526.png,+a~-a%
f653e2be6b4e520748015573a3be91a30930a1d6.png,et&
699b5b424c9b66c9be7e8c93362a79686e636425.png,*i
d3f836efc0a85ceab61be6a0d7c3c41723da2e2d.png,<:*v
207abf064eea34b83df684259fd8deec4c2752b8.png,^c$gr/
45f35f7f2deca4b4e2644de87632e28760b1a354.png,!t!@&
1881994ecc91c4870115209995180c9ed714ccb0.png,#r@-
f1370fe77f756a2fa44f7701078406f1ab6a962d.png,))$r))
b4d6b646a08e4123bb80705dfd12bd95cff1cd71.png,pz::z[
83401868a322bf3ff9d358054487a64f70932a9d.png,:>n^^>
c92e665fdd622cee15aada6a7e021b6740ac6ad7.png,"""i"
d055a0d3d8083e5abf36df9ee8b923d23eed8ad4.png,-zl*
200f5fd14af3c052bd16f0e2b69567426d22dc54.png,%]==>c
b9852a4c227d150fc60cfd20a3ad9ae5158244ca.png,rcx/c#
94104a58b9529dd421d83f05329c80ab0c75de5d.png,k--xk<
f4ae1972503340b7a444458a53cfe985af6a1bf0.png,$##
5d380e8e4d5340b3b090cee47bc94fbd3194f9ec.png,&t&\e
848f0cc79a31bf70c55ca63f056a1c93981c3093.png,zz/&+
5260a7b3ffeca617d0cb52fca69ceca65ac999dd.png,"@""&"
753a9e524e011752927009a012d47718259d1f57.png,x^zz~
1d202b2035e90861a05fcbe745e27e9b1a410edc.png,*t=\r#
0086be89a6f13272730eaa41aec42eea300603f0.png,:t-:
646b0569fe57e6e36c2cb932c2e2e28294f6a83a.png,--/
91ca93fc1aa71a0c9346b5feef9ff819e57d62cf.png,&
f41135c336d01cc99e5938073f6bdaf85ef55856.png,&
5eefdf6af04851909565a2512478dfd23bf00774.png,"r#""j<"
e5bb40524b76efe0d78a079b81ff9ac2a317c8f8.png,*]]v\
66f1e7a4095f81b92ece43d0bbc55242382b0edc.png,\-t-
d333e856c4943bdfe21d2c35e8530ccf129de21a.png,^!j
52adaf908c86804aa4f51d849a78a5416fb25877.png,$%-)l
896e655c57ca7c3bfe96907f130828735b9e76d3.png,s:
aaf8ccaa36d9d612f72f6c139ea5bec7bacb2c60.png,<tvn#~
eb73815b7ee68d804eeb7437293d45b522c70499.png,!&:a
bcfaf470e14e8aedea0e15c4b3053b5f6d243c57.png,a^cpc
0de915b15686935189db8456a39c3c788afef0a5.png,*@c+iz
128cb8f95ef41d6816edf84ce399238476740c03.png,"t$""&\*"
dd5d8e742ed17efe449b10f324350459ed8977f4.png,x:#
7e176ece88971d6db88b3c7e0c7b210ea5b41754.png,!g
65c2f329e1eccddbf5be34ef4e1e19e6a2c49923.png,
d20cea75183a63f0c335ecf286d558baf0e89020.png,v~gjc
e8acc8740d2df492539312aaf5cdba3d488475f2.png,allg
f5bc7397f545b9b4872d62c4439fbb87bd14d029.png,\\
a0922367265bc0cfbfde730e7e87e23baed335bb.png,c$--r
ff637d92a734723344f925c8eef803f9474ed741.png,~]=+
47dffac61b67b7697cb9ebdb59f495eaea9d7854.png,$/t-
85d846cc07f3b1280769454f3e3a037323242fa9.png,"*"""
99333b9a7dc45bb792b02c83ff140e13717889af.png,e&&=$i
b395e7cf4a6152f4153edfaa5812e3447775b230.png,c
5c125149aa7f8f97085966195e42808821229be6.png,<-
e3617188efa3b8c1038ed42a60e139a3198e9ec2.png,s>*
1a7b7e4da5e5006dc4b7d36b0c331d888aef903e.png,k&tz-
da7f55bc7fb60b6ec4291fc6860cf09de8dd2d27.png,#jp
0f5acef5c3575cb5cb1b7928723eea1b18df3e10.png,p$\e#]
2b9c452c861fc2c0b6b92f746d56994aaeef56de.png,tepv
70cc13b6bfc87e84337521c8a7578b628463387a.png,>>r
2d049c0868f0b5e5e321af7ac9a2d3a2f83afe4e.png,r
19605ff6d2f7ef4f656aeb241a7c95246d76478d.png,%]=zvl
c6a8051a1bc93235c1b0ed7b692ae853032165ac.png,e-
d59693146d2c39cdf0e28c20cea0768b7b00777f.png,nr>
3206638433586a109bc5e48d71b9fdbaa6198cae.png,""""
e431363ce49312ef79ffa3067dc08f0b4bd34a04.png,s+&
7a005e8207b2f5065dba3b52894ace402d1ce165.png,"@--"""""
8f7ffe06ee4f8d4ff2ec257f8287b97f1699e5b2.png,)::**-
5db196eb392f63fce155e1066f28983314392963.png,\g
6b5c136e0c556a380e5b078571f53cf654eec4d0.png,%--&
9f0399f1330bd6c78383c68cfae1a30a5fb8cc72.png,l#j@)=
84b89542104e2a8e155e84e35b74928740fac49c.png,]nzz
1385d365debcbde281001b94a47564b8cb2bebb9.png,\!
838f64b3495a2f7828984128a875f302c9d62aee.png,i[\v]
0447d064dc2ea229c59a7263a882df9614c76378.png,((#&$i
b33569ef262696e93e2080be8d20a8036d85cac5.png,#
fc6bfa0a0f003335c516e94d495278cf067244e9.png,~u$~tr
7b18be03269c11d82267bde154f1b64a8980ff2c.png,-)~ne$
cadd65b71e9340ff524045e6961da72e172b67c9.png,#zzt
31a7e9d5d0d87321641e8733f128aed1d4839922.png,"k(+""/#"
dd98690a72528317be1c03b7809b5a6479a51c8f.png,)-]>%:
84938ff53689532bf376e31a3d33b61eeccea836.png,(j~ec
463e08681b857ab7af6686e8441ffb7729e1937f.png,a+x@&r
bab230c9f98edced059b812837dfacfecd8877c8.png,>#z
eeedc807ed0b73258aa7ec952146c1f318ce6d65.png,\$:r:@
2a964e7acfcd5dc7c38b56bc6579e3682cbce30a.png,"r-"""
0ca1f2a17956ef9410c9f14d7679a1a55d690963.png,
274d75a47c59f5147f44052399fb3174d60b7482.png,zn>agg
d4b9e1d49cd30b6b3fe719868c7d758d4de866ae.png,zti-rb
4c4962d10da0358f38f07d1304bd833013a43973.png,\
38ae618449e173f34f7b628627b0886b22aaaa22.png,+~<<-
7ccedaae8a576f4535ec46416228868f990b1574.png,<]:~#<
718fb813d424492fed1ad8a646d3478e6932a98b.png,za-z+i
a3b263568c5e9c6907307433e301bc985c8a7b73.png,e#qggc
04a6427b03503183833ea680f75cb8c35e8c1d3a.png,">>""@"""
bf591d1ea159922ab3e1ce9dbc0111e8d139b593.png,[cc
344b412b1fa7eed0c4ea7a61ac82441af79e84a2.png,tj
9fdee6d794dd1f651c7daacabc4b61b35a7f773a.png,"(e-""a"
f2179f3359c5d5d0ded10570803efce2f85e7cd6.png,/\
1eb1ab80b782880f8d92469abf791a657f215976.png,"&""t"
eb5d8c6ca61592b94ad9050778fd6616430211a7.png,zc+~/g
9f0d334c220b1af440d1d2a2590b1daa34228d97.png,+f\+
2d4385c446ec6d6922c58e23785d9175e03e319a.png,i:
49d3fced2cfc02757006b48b941acd516aa80a93.png,<&$x
4374a0d9db1cb0335eb66c7356e79bc7502ad5f7.png,lul\n
f94d0c69d7014dbed1908380cfbf409fb272cd1c.png,je&~%
67356f188f98016f2aade2c82910ea53efffb137.png,\/@c$
4c8d86a943f33aa47d66829af9fcd06eee05804c.png,"\""~"""
7963e1afdfc52a35bec84f99a8b1ecbb302af785.png,l+>c
b16248a0d80948d67bbfe13f29ccfd31a89541ef.png,:&-lxn
0a8575e79f9e37c5b32190904ed2b7e87856803d.png,p+^<^$
73b91c8b1ea097d85feba56f06ce5639ee942c8d.png,ii#]&&
80b08b49af97eafa0ab5e4d863771f66e62a7bc6.png,^:a#$x
7eb9b4b38e373c53670c8e9d639fa611fcb64ca3.png,-\-r/
9e8cfee92bbf5af19b385898827eb6ed2142b5ec.png,:/ccl)
b6dfb1274db65b087bed281108c9094819cba096.png,:*%@
73a282c15ffa874617eb863fa6c79191ea9c6284.png,#z*++#
d35ea2190163f6324238c39a090b324288a92c3a.png,j:=&j>
e7704f70fb0e2d8b9153c8bb0c0ea15742bcf4de.png,t-r-+
2dd2e204dae5b6bc10f046dc05386ccdba70ded6.png,+<)
c1c1dfa1b1df54702cb349160fbb95f42fa9e8fe.png,h]\
6bbee8bdd4e769e146e26f57dbf8c0c34170f2fe.png,"n*%""]z"
cb56691e677822f4b8bc1bda4f5cef378e1da544.png,^nn*)p
7239022d45217b658ad819befd300348156f1311.png,n(*r(&
a88a59bf43928e0ab7a384d45c66f19b8a2734f9.png,c)*
b46531ad817bf5c24c691263705d2c25e08c46bb.png,lr<)zz
194dda3f4bf72339df384ced5028c60c47461497.png,*cc-
2140ea13bb7f413526c0662a8ad56afea6e956e5.png,xo&)
75d23487090bf07e2f07a66ec056f0d428290c46.png,#e
c42f67c4d0e8193f9045e09e55af3a3c1ebcb14c.png,=lp$$
ac11fc73c9ac68e2433db119909e1da99e235d7e.png,i#!&gj
911e6b8b7c287a1e5199ba9fee409f7f59f41f0e.png,
c2cfec6d0f84d93cffcf3edc20e95b5e8db05270.png,\#a
1d4972904f99ca75b9fccef1b709ea898ad61a48.png,et
5e6806565cfe120e29abffe914d2671843cb2c14.png,$\x
750a3f673b86f93686292446b1eb8b445c19cb79.png,:npix)
690b3c374ac7948ee8b5e37bf133fbe5124016dd.png,x^>c/)
aaee00787c6717730b17382b584ccaa8f1cc4c00.png,z$
24bf7c068a74cc7777afcf74050de631c7204258.png,(&*
8c6b1134b3c3372f85928a9ac0ebf147e83d47f8.png,(r>*#a
56d5b8bed117248b4a524b6a2ed54f0f2d52188a.png,$&%&
0f0dd5653cfe8a6ae2a8c7f417de7712362f70cb.png,l##
cfe502bf99e0dbeb68b10c63a6c23060d4c3a452.png,/==@
00aaa2c34a090d1f01286d0b9e7304a9a7b0c3f6.png,@=$g++
04def61fb2902a7c676ac2f10934b5ef642dbd31.png,"p\""\="
448159d1cb9404aaa65e8d97d254c768e7a74756.png,###lf
95c967f3c319ba7b781bfd8a04f444054316621c.png,-t
685a31dd11c568ea30f4e6f84aa7b110d88c40e0.png,zx
9b8d8c4d9cf590a78805740837a9aa11cd6d48ca.png,]&:%$c
3db9799da3a5af0e41332be6392d6a8836c1e83e.png,jsmj
14d06a7845d48595777ab1ff0adeab97e75101dd.png,i@#
e5badcedbdd232264774a84918653ea49cc4403b.png,(v#r
974c963351a09d8b3233941f6c4cc3e780b1967c.png,tc^=]/
57fb5d6d93dfa4372edeef16f3828d5bbf035ead.png,&#-#j$
b3d6711a9d55d2223c42f7c9e5690895d3383405.png,)#$lv)
97a015dcba64d45b0b18da7213a8738f33062c8b.png,^-
acf0144bde3699ffa63a413509a854134902199d.png,##/
57b28bca4ab9bd20a975c00ea6c2ffba10c59b90.png,xc::
c3f32195560302c585bb4d417590f75a964ff9ba.png,]rr]v
89b6bc7d6e4e42afc2e27c224b394ba21975ec87.png,r:ji
c94a43ad91cb0ae7875e62771b5625f00f4d77dd.png,pa:
df79b9db7732d7996dc7206ab4c6c1ef5a45f9d6.png,&
35f7f85e25baa3ebd13d67169782308d6aa1a340.png,/\
62e2a4d11a6a4038991f7da0ccd395a2d90e89c4.png,#:p+
338d089bf0a4679c1dfc82809bfcc5f74ebc4f5d.png,r%#@#
520d3ab01feb8d5c33954b694d7a76772caae661.png,p*\&-
afce9965bb8c05aa2494c5ff35fff07663713f66.png,=j\
6a6e6fa9665aa9b6cfc846b461b2aac5218da1e8.png,py
9fd894721c5437cffd085f9e7ce092b8e06726ad.png,/(-j-r
a7565401e413529ce8666b4cb900c0156a5a6f65.png,\
8a1fa24c9fa2d43c212b1c5e5ec312fb417b8f0a.png,@]ge:#
7a625dd79bd319422b2e694d2e38a7cf427d115a.png,^&ji
0c1f4c9e013a7f046b9c9a7704732d795703e03e.png,jj
8af2616c52868579816e824741829f615a8af92b.png,kl:<]]
18576d9741a3f8430b032be4060b6ef781a4e0ea.png,$z
ad1cb8ff47f758d55084fc3e3cd2162a32c25f78.png,
52b75535e275dc3af4119f1fdf926e197f43516e.png,\%ta(l
6b41bb42f2cb4339e615b33c7dd566c14ba5d24c.png,ggpi%$
5e8f472bc06cc2429d4872f0aff8f04e4aaf477d.png,$-
787a604b629a2aeaa99295084b52d693a9cdd02c.png,e*a
3d22b46d99e97cab9ff9829a5444c278e140a275.png,s
d8663e5ede61554a60b08fe9441d30b7ca98865c.png,=^
3d9034b3d3413ed310f36774fe58830433b921f7.png,v^]n-\
69d3209e7417fd614837014364a43ed789d2e2e2.png,a~~
36f49c131bf9ecbd310c0c37159b38c8674e815a.png,/eea
287084f67f7477891ad216b5b15c26bc47423c0f.png,<)^^j!
fd90620dff4e5be3158ada5a239e4113684f89b5.png,t-lcc)
c701265feb7eca2ab7a2619cf4a66374140423db.png,p
1f0b717db8df63e5f0477549ef873c3c56d8dd82.png,"e""-"
e3158f8cc36e471983bd3b40da65c0752d84142a.png,a$ee\
c3eb93c40dfbe871e00115d661691627511afb8b.png,!#z
d2cdfc094a7d84db0fcbf3c633a572673f26a448.png,@=[#$c
7f9e635882d2c9f43a58ca64acad19ee6c45f012.png,jj]/&
77858a6b7e5755a74cc0316ffdae415dca1aadfb.png,=$$
a5566b447b10cf0bcf82970920415b007f421211.png,>
a61bc9b5733c0f8a811a66ff095d445edb08d490.png,&*//
459b13cd8d6ab9f8462a54f505cb955c979a276e.png,$ri&
c329e20dd54967f747654fe1c0a508d80c22c0dc.png,"a""&&l"
0e0ae1a43ec43e65ca86a6b9d1b76397b1a47232.png,/k
76552b5c99e4ba568e64045b1c50894099e5d2e6.png,==i
9ac191f8e88018d86c5fde805ef21a147bc11c20.png,$zz
85a10ea2a5d7aac7d63d9e71cb5a7145679f53cd.png,^&s
cb21277e24c237fc6c4960c0708a9067e08b2d2e.png,$:z\g%
41575180e8aeb40110d45ced2bc1b4d8d25c5711.png,#n:
96a7ca007b7774f51f29d4947e99ec1119c04b74.png,*--p
582a3c0b8dbc5f776c6cccbec8e43ed4d6667481.png,!*:a=
14189822dbda267ac39ac7cc88762550813ea91a.png,!#*
414b262eb96fd152ac17b3c59effb6be105607cd.png,)/]yv]
116508b811ebfd8ace1cad94bc4b10222484b853.png,^~+r
154b5e092707a52c79cd1fa073914f2a22a1af0d.png,eeeee@
cd664e51f8a77602af89674fd529f6492bf3ed2b.png,x==~\
92b6bad105e4a116caedeb7de5e4b3587fbab33a.png,pee^@z
61fed8d3dc17b8b2336fc2fc77358a971703cedb.png,$f+a
3ff058bcf0323be8ca62b7aa0573a8d32b41612c.png,kfep(
b08ff1fe0b2719c9533fd55101551a6352df382d.png,\al
9a1f96b8357ecd27fafa4269e2d6b477f20cb861.png,tr#=-]
47a52762c525550d8ba95cfaf1d9a958573006f8.png,>x>xx-
0ee9c438de41daa7619efd3ad28d347df06ca205.png,p=tlrc
b2212692354ce1027198a91049dc824011ca3beb.png,^^
2d4cf34a1b9cc7070ac4617bd653415ccba24faa.png,r~n-/\
259d00eb3187c59561027cfe084f32dd2500cbb2.png,"\""-$"
26ffa2bc4b0b91dff0a955e9c2cc4a790a23333a.png,#xxj]
2889056f9b1c13b305ce06c81548e588f5be3a02.png,s<#
565e8d1bde8120cff62364d036129b232ac9ff21.png,""":&#"
400bfe088cadca8cf1ac8145d05ebfaecb7f9e7a.png,"c::""@"
f1b0e1af872b51a517b35c172eee963a0b8bb608.png,)&*:*u
6c58a143a854ea3ad13e1ae0aead609ed5764863.png,^\g~!l
b5e1607263d3bdec86e6640d3fc2f09260ee18f8.png,*zc>~
497bd0283427771cd073558ee09df7e324ae4a7f.png,ll%jj~
8ec4cadf8228a3f697ba8724b31842dc996cdfef.png,"!""%//x"
799d8a2664ee280079f32fb62f164314c17466ef.png,=#g-=
95ccea809cb8af3c632685f3d02c54e72f9a45a3.png,"jv(:""@"
bd463d320b64127290dcdc0715355ad8c3f70a5f.png,/v
cc0cde050b81ea5e47571379f048a417746f9c29.png,@$^&
ef5e6ecbb5362a663d9da6f05cadf21bbb9ab260.png,gglg#t
ea4ac6f58c8a3ff5e80cc15842fef4e6dbe0126c.png,u
e3d8d959d2e26118f2f148a29b987d6f70768fc9.png,@
2707f8d66ab760fb882964f272a1ccff096f29b1.png,-zziz
345ab7cbb2f7a121d1e41091fab463692c25beba.png,%^~f&
8aacfed02007653532b3e186686e88cc0aac110a.png,<
c3757d449a761bd0fc825465c74a64a37b738869.png,"##*"""
55380680777c062d647a22887a3b457e8ae83845.png,&ii!<
f13f42a718cb2c6deeb72386f4682ec19626c7c9.png,"""ppx"
e36b131ad35733b301b4c9249d3d77287ccbad4f.png,x:/::<
53aac20a2eb1a5fd6bc95e51dc80eb9fc60f4240.png,*t(pe
2942d395e4de733fc53240751d66d7b833cfd040.png,"l""$$"
80d17660dc2adab55ba4653c45e62cdd788fdff5.png,a
d70f9a039904751be45e6efcc5b4ded77756ff6a.png,"c("">!i"
a15eed342a380b14a723d77d11f3386fb6304d22.png,"=@#"""""""
c7ac53b595a7cbb066f3cf16b71284db2c75fcbb.png,tt#
b0c737331732fc3a1922533ac94d664061bb0b45.png,l:=]-
7e014e121842ceee8daa8b91fa8eae6166f8af3a.png,@rvl[r
c7ccc19b4aa6d839502616a984b6890f28d6e05b.png,&+*&v=
01837c82b2d7bfabf0640a2392611ac5b09e3de9.png,px)%<-
3b09f79addcce81342f807e47d99c87d3c85a507.png,$g/g]r
e769a30e90375c741be6dba4dd901cdf06be73ef.png,ca
b09fcbaf38400d03e345f6a8bfd7a2a6de711447.png,@<\@
3ee4ab0192e7cf53f48b1536f918959bd5dc7ec6.png,/k/rl/
8c83512f266073a741176273e2dc8bbcce79a330.png,s
b27f0e25453bc35ca22d65fd8b530faa7a7f4e30.png,ggccz
7b855492033fb785ba95a477bd43a5163890a5d5.png,"-"""
354c4a50266d85283da09aad74aadc1d04dbf94a.png,//xv
a6e06391dc2833a2480cdd7179f5eaba3c3eda48.png,^^z&
0873db05cc3d0fe003552e4f2a9333f955c38f3b.png,jj
28529ba9a0e87abefa15a396fc5deaa0c49888a4.png,t-
cada6a52ccd3d546e88653cc3510d82ae3f53f66.png,($x=(z
942d09b595f0f31654829744c6c2cf21b8d0e2d3.png,
f533e36b2cf132309606ea4a56c0f42dd280def8.png,i@p\#[
19c7cefbc94657c94ebbeb9d583d0b8c954172ad.png,""""":"
d81cbcae9554e2a519f0fff158d985802300e88d.png,#!o==
6f9d5f0ae18a917b8de1b8493c37d54fe198819d.png,-/)+~
a2bca8959eddd018708de5d248d43593e7b1ab37.png,=h)]eg
f1fc301a87f0902e4fa1464f001d3edd0b8957d0.png,ts:*z
ca89bdf5228afce08bf0a83ab2f30f6ec3cbcd53.png,gt/~ig
d12467f45f0b001953c2b9245b4553b2927fc84d.png,t$a#
5b77ad3a2e1557495d4900da78d63b6c62fa64fc.png,s:*-nx
7b3b278d327a4de32ed490d30c4bbff04986d3fe.png,#-#:
5071c59bcb23735dac7477e9a99931b4606d7ca5.png,:\fe<*
5081d0cab07d4095aa7315b4ba32ebde46f57a4a.png,li^nvv
9c72f6aedfe7ab06e8d5916ab437dc9a76f38ccf.png,"&""x(("
f0f2963e8ae8fc2a361efbd9b324d4698462a9af.png,-r:
8be4f82cddb2885aa8b1565ff8c0c0fe66f2ca5b.png,#::zi
2919573033b677c26b0cc487235ecf24754546f7.png,p+$&tp
cdd2bb6c047d7867850d0160fec1232499a3542f.png,a
99bc0dac449b7518200d5e347bc55855d5418f23.png,"""--"
e51143cbd49e80df0cacbb5d9d1203ced6335e1d.png,+xt^g
49d499700245d966c2acc0538acaf7c2b3b88786.png,x(#-av
41e30254b8f7b06da41d6d81ebdb81770c69ae52.png,!g\~ip
c999f6442aaace1e8ce80694297e4ad18ab4f438.png,###
8ac45fc634c244c9fcf3a55f512a77d8e385d06b.png,/gx
df30c62db5681abb2b1ce2498ca75c3e8839edb7.png,r<ug$v
b0a888fe93561cdcfe6cf72c7a94e778314c55b6.png,@-
d5990e8f57bae33f07b179097eb4ab8272254ef8.png,-tj-
39ce4480b11a59fb116bd497d86caec9da08bad3.png,(
e21ae44e0a049ee36dc63024a02980160e24f6bc.png,g))]
d561e834b47a4e030ced6dfabce49fa02edccaa4.png,*!j/:
5ff6bb8d641aa3f36bfc862415295fbb390d6c22.png,s=!$
e47909aeeb9abd4f8eeded2792f9a2a0bf8fac06.png,+/pp$
0c1151ae68c20993276c2f893c58d114bbdb1e8e.png,i>[[xa
6fca1c744aef10b3ec0775cb3b65a7402d0b07ed.png,~r+$$&
91a37015309ed611adcf98fdf6333ed380d49869.png,
f62ce83042ed74dd23afbe71e5746f36eb2a3e6e.png,#@@=vl
edbae1dd8d2d8c95bad1b3ed5230e8d46be77ad3.png,v#&
e89a078d6846921a0094a7e75e5a52431a237e34.png,@
553cafb3b397404fb0831f0f2dd6b74b2811a45d.png,ez
5990a5ddfea5fd8be0d2cd51e319b239a969f2e4.png,@$$+^
81135e4183abfe7d4257c1742110abe1039c72f5.png,*j/
84d9f66d61d68d9e2ebc97c44baf0aace5d25373.png,&&$
f9e3ce412c7e3fd4753eefa4e8fc13a695b5d9f0.png,r-&-
77d75eb6a31da898bd3445efdfb8e76e30406d10.png,a~#:
86e95cad644b35dd769d99f5e6d84cde64a3b640.png,**ijlz
da59fc47c5c91d2e2f231e5b79538f9d67ff7e68.png,jl:j
5d5058f66eaee0becff5ffdfea07d5e64f0cfed0.png,zcc
cb6bd4900d0b00b2b034c3f354a199dc866522d0.png,"""v""q[x"
1a54fd86a26a3f70b7831a3c985245c235313a62.png,&-
3f7cdf241e4145cc9817684129511954449065d8.png,r&
d8284e481baeaef94902ebe907cd4233e217bcc7.png,~-~t(g
febcbf847904df32f8379d6dacafc2ed9d7db8ca.png,/)+p)<
5f227b24d9dacc66a718b359b13b8476f14d2c76.png,l=j:+e
212755257a21cd113f6bd407e803cdf630daf23a.png,jj#=~
81135add00fd69ee3e3cb9fb28ff7a5345106211.png,)&]\f)
4ac65250ab8c5ccba68ed7a6d3040ce099cd87df.png,x#&
bcf8459e8bcc0d5557b6971d016ce5f581980567.png,$%>)!%
c0f59a08fdc5041e3b705ff2827d834aee81fa0e.png,r
fed7ddc5ac38c0061aceb8b1b488d299877257df.png,=z<\
e21dc29009bac179ff5c7e84fdc493d08c48e301.png,/~//\-
ee9eb0f6cda0d46d105600f7904795c671d9dad8.png,"$@v-"""
faca48143be0387556c1c1b3c474a78aeadf5c91.png,)^
868afba8ab61bc2a49da998b48298dd15cffbc0e.png,)#p-#]
95e9362e4350ef94a22713dd4e4ff3f1c3c26599.png,p##\s
6d805fa3bdaad4349f69aec2e632bff72183613e.png,e
5cabe27e3886364cec93d0d3b20d41625ce29c8d.png,"r^z"">"
0d575d1e9b88214ba0b5baa58d30b95534fe10ec.png,<<rr
60d329831cc56d00baf2fb284059fa1183a1af08.png,nl(@*g
b5a24846d4331ed7d1fa61142b7895fce5e4aed8.png,$c(
fba33e8771454765e2ab40d6bd62dab3a31b24be.png,
ddd0d20a9a26a2c476e02eec48e55da9210fdfae.png,(&(*&j
f6cb403fd97695aa9093daea2dc5f520d940921f.png,nnr
97443913699c06ae7b0abb1bb93c017f2fa44783.png,dg#$
fbfec7d05bbaf6668563470c151f570a31f6235e.png,&:==g
c2988fe3a012bd964e186c7a2acbd4f3dbc3199e.png,<-[(-]
7a9e81a5af32b6056cee3e99bd32ff03243ac730.png,@$$
80c2702600830ce4ac3259d3ab60c098c0f846ca.png,n/\
cdae211304f26d0d053b780cb857d1e98b6389b7.png,!:(@
c4bc64ca6b635ead10ed9359c7ef4a132c5bd247.png,"@("""
32b5d55e7e06e10c87a4f3b6c7020c597e59146f.png,c#-gg
c0e11b3fb6d1a6d473da1e57055ce39eb23ae41b.png,&**^#
a250cbc5a936d4b4f1947172cbc278561258d0cb.png,$$$
0d6214ba5bc138404ff48abe6f0e8042bf97e469.png,j^l^[l
595aeb88072b54f25f776c554de77e6eb6e982df.png,>v(<<
93347c6abe883025879f81db4e4477bc96afba01.png,ou&::g
427a5c755f754d80f03de511ccf0fccecde2cb7a.png,c@:x]i
9cd85102947d7fc655d1454745c03d0762e95e8a.png,(--t
698dde73d46fae347ad0e7c04e1deacf06ba0090.png,)ccnr
9cc43882788cdcb6a8fb5a5d3944895af2d9e49b.png,"ll""a"
cabc5ebaac0dde5d6522cb50a44e0b0085cd6b6a.png,///-
1acb7b385694d87049722923a274d978b1822d46.png,o%c-&>
7240489324b70517f9dce12cb5f89ba8dcd6cd0f.png,x*n
2c2a50787867ac68d09be11cb888260d5e599fa1.png,[!!
df52556b69cc881c06541b5738208f7da1c6f7b6.png,&s&
face771de78395f9a3013eb9b928b92c290ce7b7.png,t>ji/t
2e9503115759669c582e7c76587b588b6ec7b37d.png,iic*v
6327610a34717c4d782a0aae22e4618d74ca78e1.png,~zt%
8211c481acf705bf575e7f9a12e1168c563e5fea.png,^g
50e6db88ec0534e3f6e048370a62d627da275781.png,zi!#:a
cd3300bdaf215d2793190de46c9de8b28fa16186.png,tt//p
edbce628894fab1d9d1f7e026806b41541f41d29.png,"tt""#j"
3859e33be9d2c81929f67a83e90f875cfa734d64.png,(]#
74034967ecb776c9da423518ffda3ebdd68dfad5.png,gg+a
c15520cc06b7625fecae133f9627e9f96bb06495.png,::<::
3dd23f0ac4803f9815755a883647c5b88f28ad05.png,/&ce#x
fa9a3dd220dd2ddde44d78fe6edc1c290305d736.png,$-:
1810c82549e8fa7834ce7b105e35dd68b83c22d4.png,:&
9da74ca701263d6a1779061166d8ba1bb3626846.png,z-
134d112ba3d80f1c382a1efc2ba42ba923656eda.png,:&~&mz
0ed0fd301bf069572d66942ce219c0c8043f46f2.png,>>)+e
2aa762f55186034dcbd9d902e5f59dd945be0f1d.png,"""**\i"
39da3e72319e36f2fdf98de5ca8fd821bd1be6f5.png,=$r
08cd7a387ae93d6e1f4ab80b6dea623b69435c03.png,gj#
7df5e118211692900c0743ab5768c9fc4421559d.png,:-&g$
f416d6929ef55d4d33cdf27d0d49fef274c27bb5.png,tt~+
8ad8141d89f3c39b0f14e2df90aa12e80f29c33d.png,cc-/
ce471bdc27d8ac1744a0e91a05c02c12467ed74c.png,%tt]ex
fbcfed36a46047a672f16cdbd8bf3e6d1bdfb373.png,rt
edba855ad1a3994db41f298e5c1f1a41eb1f512b.png,#g
318377634c5f85d270f6f711475a63f20dff5c77.png,-(o@
7e7ab8cd4804bf8e7f2ec93382b583325387a3f7.png,"c*j+="""
b247ed644358095ed16abb10418f9543415bb3f4.png,\/i
5e0009834ce1ed51e0241a1e9e3bdf3bacdb0f59.png,l&&
c2e095557d3f5cf1a8e0378cf0744ccc7b1cb4d8.png,cr(\n~
f60459974dcae3b23ededba42728c0ab27028912.png,-j@v
f1dcfd351a5907108eec3130bfc79925fdf7c44d.png,"r/""]]@"
99643e10e5d5ef8dc34268f412f887401461b2f0.png,p&
76537ebb71ea56bc1c47a322dd422dca71c8bf99.png,(=ii]
2a40704507ee1531cee0a2942a31ae03585a12e3.png,i-!j
4356d30e99a66ad3a593e23db3b76ae378839604.png,#/%
2f6ba30beb42fdf7f229698eeecb6543ad7e1107.png,+ni#i
565b6b31b71b12e861a57fa92e42e4d6241f4b0c.png,c>+=r
cf44f154b73b5cc3ec50bdfa497b93e94c0966a0.png,js/$
852758023eef6e844cbc15d7d53d60593ac33410.png,zj)]
b8a13a2c74a1ca6339260053402c78a40cc7c659.png,-]
75128aeaca41e004c631df18bf5651964b8919c5.png,"!*""f*c"
7b77beed7204abbfc77d8c4bdfec7599947b57a2.png,$l%j
64a8f5352b8035c670c0bb6e0e47fda85ec4c70e.png,///#
b8aa84d747df08c072215a0a71818bdff168e74b.png,a-$>%j
e2c52fa39faa469cd8f2c9c877a7c122d0b50114.png,x>*(<[
faae1c0d4e949aca132578a69a5774231e1eed82.png,li
ed889455c8ac2f9ed72e0f8e3cdfc3c2e35b4375.png,(~n=&p
9cb8f251b1c6623d5987689365676304fab71271.png,v<[iz#
482683a90d267bbc7f4b00a4550a6693301fd6c8.png,<:!**i
3320b9dc4d68373730b123ea5c79814d209d266a.png,\ccz&
3778f5d419739f54bf748590ac34ce1b9c7034c9.png,
7f836c931bec95fd622824038d5ed1e3ebfbcc52.png,#-j--
19573dca077ec1bb31c1aa5596a47f3c7d39b3b8.png,g~=((
9c40fb8f031e9f95c16e7831719d29b2802561de.png,\/=-+
6a818d48a9565fb765eea19052190c5f7de97e9c.png,/+z]
6ead52b67d67b6980912c8ab64c92cbb9a0aa9e6.png,$$paxl
8115cfd2d8add2addd1b60e27511de700ae77e96.png,ir--
8e5461db192a9e40ed159509ad4b539aa116b316.png,l^z-$
d52c9a1653931ca641583493762248e3aef56802.png,!*quxc
eecf9ac638c8ed687a5c444fb518db57734a23fe.png,&\#)$j
cbd1de24432213981d69bba03c2e1d6feb338125.png,x#*c[
b1684c8e4061979e994b129e3e97f29c765da54b.png,"/%r""="
272964ca21ac5aad8a753be2f643d6bca586a869.png,\&\\
1a3c441c21204eda27072a14c23ea6080e4d01bf.png,$$~~p
61adf498a60ecf4b32e44b4fdee78240d1a04f4a.png,::jjcp
fe71ee885a437a8bbd030f3e6cbf9f07b14c2e10.png,
a5538fca7ac0bc53c84e99840ee4cc4c6b1c6a6d.png,v(($-%
f5d1033c5dee5a7c280144f6a8187c583f15b760.png,"e=""<l"
e6fbad20d5d4f73121fd01cd848480bc60a983ab.png,---
9ab98bb72d3ad395cb751eff04594fd4cd2b77e7.png,-=#ev+
2b2415761fb63239d3eec0d410d8b743a77272cf.png,"lr/@""-"
7c974bcbeb38a4bbeb97f435f7294d9b054fa9f3.png,iii~
11d9f7ef76ae1c93ade4259ce1781a9177a0c2a7.png,&r#r=^
3360c6eee1a426e7c0eb5c64080525f1647f58a9.png,:l
86c0520721e1416fdd0498270f89965791310370.png,$$
efe9a386d1c97826d74e6c16e4cfe8311619cff0.png,+:~
d77aa7cb5a07ebff78f4b9dfbbfef885a6e0c038.png,jjzta
242dc0bf7439bf1dad3e7f49e375392ac2232b68.png,v:j*(x
e46c9f827fee594aa6c5af753f973fe69bdeb1e9.png,+t
27e17d0e02ce92e09219187d733723eea28da9f5.png,r/-
c8a92a60093b49dc57ed9ae6f34cdfdc4d4d174c.png,-#-
435c1daf8c2219be1db0eabd8f71d34b392905a6.png,=ri!
0e21fe0413162226947a102c19aeadc01d7533fa.png,rf--*x
b5be445c94e7331814b5a4aeadff1d0478501772.png,+xx%zt
ef5b64caed63bc2eb7c3ee3b2b5244758b491387.png,"""$##"
c6db82eb88b1c783a2f6dd52040bf027141094a3.png,z-/
16e8db167a8228efd3343e304bb7b7cf7d55a7c7.png,&@t$v
a12b12f5a36f2032be5f11916b7bbe0520dd5c65.png,c-
1802939aefafa7cfeff4852270a12a5a9e5b3aff.png,"""""cy$j"
fe3918241693afe406945c0988538e62bb0e6a9a.png,)p--<~
dfa7fbada321489e683912e7c4d2a8b7c3e69c81.png,"</"""
196d3f2cabea84cc65a54a251e8f35325f748915.png,+:<%
ef7f6d1ef6b85de120b79616bd810846d0f67464.png,]r%^
5c2633acf7f02967b4463b63de62ef251cd9b181.png,y*<#
e819232badf62731c81c384e5a4d69833d3cb14b.png,vnnp
606e90b14bb647db685109cddc9b04bc955fb807.png,"c*e""u"
1a5ea3d5a10c09829fe0173af629f4278891b2c5.png,"vvs#i"""
dbcc972099229ff7ea132e759717126f1cfdbd9b.png,+jj$!~
201a20a25c157a01ffea71496363e6d76321516a.png,e\-
7701efad8ab55634e9962f1d1eb57b2ea7e4f875.png,
03fe1de5870aab300f64d5e38d38fa8213724ef1.png,q(($
c62208000250644dd6c4aebc15ff3accd2e495f3.png,gjvjp<
5930186e5102287a936a201fd88c56cfedb636fa.png,-c@]@
430147734135980518c50ab526c8d740179c20ac.png,"""#"
bdbcabfbcffafdce0e38dde05c10ca9ad0aad9d3.png,<~%/\e
6dc072730eb5e8721289fad7c025f1f805336388.png,/#(j!
aa9ece93f769810a858d431ac2b3a53ac617b5f9.png,t-
bc8f91de129dc84c1d89be485516227b3aef74eb.png,@>-c
b81d7a28ce2e174ccde54db9150dda05ae0beada.png,"""#""&&$"
a987f873a0c4c9b9a4bd4804e1a6e91f048d13c6.png,:
af4e8e81e3551540a4b37825152c4f6375ed274e.png,ii##^
4e4193bfb54ad49ba328ce9eae902aadaea46fbf.png,**
83eda61775e7606a93816b25074128ed53a506d4.png,%:-cg
2ecb093bd5193e2b950bfcee7a88383134c67405.png,!!\
3b74f7126e2e00c2dd0babd6389d7369465b9b29.png,*n#k@$
24d656864c4562c67c391d83a2afc4f1b3026340.png,i]]p
0f37107090d2a04bd73b64f1bb4f4fcabe965d89.png,:jj#
fd4769e0cfd187b62967a9e56bf3fae3f115d1cd.png,"jn""]:x"
012ee6df6d06838a3b0603b08b700cc9a2c50d6b.png,&<j
c1f54c9b77b4c11141df5b72c1c6074d8f38570f.png,)e@
2149f5863e43a77253945f469530cbc1bf83f257.png,jj
3eb799cc72d83dacd76a5df900f72cefe5cb9ff1.png,$:a=$/
c5fd7bb787bf80d7a393c3bff933b5cd4e0c4fc3.png,*
485ec54aac10659cbcf73c1fe2b5dfdf9b9f0d69.png,g!@@r
8ddd03b76be52643ed2618ab3e1b2bae9971fa3f.png,:cccpi
91859d6b48ccd01585a2f256ba4df1a624d28218.png,#n
92bf55f0d09bb70b143882adb0483b80f4a7f6c5.png,te:v
5026518fe4d2203843d8477555749d60fd412af9.png,"t"""
b64bab86211b90eeb045ff0b54b8a24eada7e264.png,*&+
889ad5a39e1a55d535dda4277b4691fcad460ee7.png,g/cr
a5277bbb3ec0f5f91e99d4bfa5312437ecbefc3e.png,$g
0e03e541aa135af0ed75ebeadbcd0415fd661ac9.png,g$$c
8abb0afcdc2b990186e9ab71a0d10a8ea6624d9f.png,j
3f4236692f27f5202f4c8c3921462cff5b805e16.png,jtxg
a0054cd8f0884adba6fcc26adfdd3302add22ec8.png,]#]a^
09f19e4d44ef313d22c8a819efb72b75bbc60129.png,"j"""
2084f95b36e88f1ab3ab9472a413430677df026f.png,rr
592a9a18dbf01df8441a068437e835886da5e491.png,"er/""<<"
e95c0fc22e9b62eeca5df973355fc22075a1403e.png,$---x
026f0ed617183a42fd4287941eadad1cc879efb5.png,@@##)
6b7abdea6bb6361aede2016c833823692b815eb7.png,"j"""")&:"
de3dbf546dd6f31fbf4265ff85b8b68596a23e9b.png,&@((e
71917e1366c7aa5f35068693ea5724c88429a547.png,"gs~tv"""
ccc7e60ebaf7843a80380ddd46e65a11da5faa2c.png,z
f03d9b9fa736591aef3f3d198b0634fb20c1de01.png,lr-<
fb7afb5f118b08e5376e17ae42095550350e4cd4.png,/((ot+
656854101b1fcab9b4aa3610921e62027b4ad4ad.png,c%c@@!
5be4086b98d395e21c5de94fcc43b81d8f5c2766.png,-/
d653aaa19a0307d6fdbdd6c65d86fe14f248953d.png,#/~\t
a2453431c19fb3ba5190ceccffd95fd5cb437e31.png,~xjg
47c81fc44a35901dced1b6f16903681035f6d4a3.png,#rax#$
a98146589f64ad8e8a81f65ae85c272a4c7431a7.png,ri)$
55259a6e01322760e8114b5b60561ddc60ba0dee.png,"if""*%<"
7013b9fa0d4ed37dd4ad49b13b6b46749725f88a.png,\r@g((
aa2f7e612c675096e668ab57f02990cc7a359d70.png,c&*&ve
c08c0108c853075cde988fd1632176efd66459ea.png,"""/nnp"
2d3f1a2cf5644c4f84e27eb66e545ba4d5786e9c.png,pxzl*
a38c3a17dccdd3a34451010789c1a62c5f57327f.png,
24a612a6b02e623cfac92438535d02a971dbc521.png,:p
b740bef39152e5d5d43c611f5eb53a08bc8991fb.png,"l+""a]%"
a82b3f31040db2e801d9af1ffb46bd10d6cea735.png,z+<\:/
98dfc3d966b90689f64bea45d6eb9cfffbc8d2ef.png,/#gf-/
b10b7581ed943c7f91d2860c12db97e9a86e0ac9.png,#i##r
43b6f094ebc9819853fba38290749fcf373eca49.png,&n<
a44fbe8711e9f4a349a49dd3a6591ccad1f9a3fe.png,~zcj#r
547cc2f9c1e427f6999ed074aba3d4fe6c6aa225.png,+/
8fd4b5cd3280d9a22ed17797ebe6189e7c8d1e41.png,#=*
4add2be544a519f9824dcfb8cf20a4f1fe54d162.png,]+z#a
7a9ac194fb0858b950abd65f07511946edd2ccb9.png,#
f095b40af606564ba1c17ee92226db4ae08aa596.png,$$c$
b593834e72621c5e78c2af54b539660475008da1.png,a+vg#i
